employee_id,risk_probability,predicted_risk,risk_level
8673,0.71294963,1,High
9556,0.6071302,1,Medium
9687,0.41669613,0,Medium
8074,0.39502206,0,Medium
9425,0.39187562,0,Medium
8125,0.3857034,0,Medium
9231,0.37004775,0,Medium
9877,0.35295832,0,Medium
8855,0.34879622,0,Medium
9544,0.34246105,0,Medium
9395,0.33410722,0,Medium
8733,0.32375646,0,Medium
8307,0.32061014,0,Medium
8909,0.3192292,0,Medium
9223,0.31505257,0,Medium
9852,0.31048042,0,Medium
8028,0.30909622,0,Medium
9800,0.29882717,0,Low
8713,0.2813007,0,Low
8934,0.28110045,0,Low
8739,0.28014854,0,Low
8601,0.26638138,0,Low
8726,0.2651847,0,Low
8112,0.24324563,0,Low
9779,0.24106753,0,Low
8791,0.24023537,0,Low
9902,0.23373221,0,Low
8185,0.23233949,0,Low
9792,0.22711849,0,Low
9836,0.22454166,0,Low
9921,0.22410057,0,Low
9660,0.21715246,0,Low
9404,0.21696764,0,Low
8996,0.21606033,0,Low
9445,0.21515156,0,Low
9196,0.21458262,0,Low
9004,0.2139087,0,Low
9050,0.21311522,0,Low
9454,0.20974188,0,Low
8006,0.20937367,0,Low
9290,0.20688048,0,Low
8291,0.20377429,0,Low
8959,0.20325157,0,Low
8492,0.20273581,0,Low
9620,0.20269647,0,Low
8878,0.20105241,0,Low
8173,0.19971076,0,Low
9221,0.19241174,0,Low
8555,0.19111018,0,Low
9727,0.1878472,0,Low
8060,0.18720825,0,Low
8020,0.18620813,0,Low
9388,0.18305054,0,Low
8429,0.181897,0,Low
8635,0.18094589,0,Low
8926,0.1806858,0,Low
8465,0.17945409,0,Low
8538,0.17738691,0,Low
8198,0.17693976,0,Low
8637,0.17685999,0,Low
8287,0.17677887,0,Low
8560,0.17423862,0,Low
9942,0.17252864,0,Low
8704,0.17237797,0,Low
8190,0.17113237,0,Low
8183,0.16801885,0,Low
9984,0.16707572,0,Low
9959,0.16700773,0,Low
8204,0.1645648,0,Low
8583,0.16435713,0,Low
8735,0.16271028,0,Low
8519,0.15978849,0,Low
9119,0.1577448,0,Low
9850,0.15705977,0,Low
8994,0.15700005,0,Low
8238,0.15444773,0,Low
9583,0.15399061,0,Low
8050,0.15266354,0,Low
8107,0.15201366,0,Low
9084,0.15154473,0,Low
9513,0.15116192,0,Low
8923,0.14995621,0,Low
8991,0.14900817,0,Low
8989,0.14819647,0,Low
9528,0.1473576,0,Low
9006,0.14664094,0,Low
9472,0.14494696,0,Low
9843,0.14493172,0,Low
9561,0.14386976,0,Low
9946,0.14365157,0,Low
8154,0.14325954,0,Low
9448,0.14199854,0,Low
9174,0.14175238,0,Low
9156,0.1411451,0,Low
8520,0.14092784,0,Low
9932,0.14021295,0,Low
8614,0.13898413,0,Low
8123,0.13846068,0,Low
9659,0.13845628,0,Low
8795,0.13801426,0,Low
9497,0.13746107,0,Low
9970,0.13664088,0,Low
9487,0.13597497,0,Low
8781,0.13490711,0,Low
9124,0.13486671,0,Low
8224,0.13425346,0,Low
8405,0.13310428,0,Low
8042,0.1327037,0,Low
8316,0.13253365,0,Low
9769,0.13191664,0,Low
9227,0.13115452,0,Low
8618,0.1298007,0,Low
9633,0.1294458,0,Low
8599,0.12928875,0,Low
8209,0.12921414,0,Low
8723,0.12913732,0,Low
8970,0.12892805,0,Low
8301,0.12776968,0,Low
9751,0.12771551,0,Low
8380,0.1267999,0,Low
9819,0.12644216,0,Low
9503,0.1262305,0,Low
9892,0.12620094,0,Low
8467,0.12610656,0,Low
9685,0.12556688,0,Low
9681,0.1253419,0,Low
9418,0.12459899,0,Low
8757,0.12452882,0,Low
9232,0.12398509,0,Low
8486,0.12247858,0,Low
8741,0.121419966,0,Low
8570,0.121041365,0,Low
9878,0.120770864,0,Low
9886,0.12066699,0,Low
8835,0.12012404,0,Low
9362,0.11879689,0,Low
8268,0.118792884,0,Low
9986,0.118034735,0,Low
8980,0.117647454,0,Low
9155,0.11736926,0,Low
8873,0.11723637,0,Low
9714,0.11695151,0,Low
8754,0.116668046,0,Low
8650,0.11633029,0,Low
8844,0.11593654,0,Low
9097,0.11564091,0,Low
8963,0.11547152,0,Low
9245,0.115342915,0,Low
9193,0.11512482,0,Low
8827,0.11476267,0,Low
9275,0.11466284,0,Low
9724,0.114435606,0,Low
9411,0.114267156,0,Low
8211,0.1135746,0,Low
9208,0.11256613,0,Low
9137,0.11245481,0,Low
8262,0.11224831,0,Low
8596,0.11208045,0,Low
8892,0.11200896,0,Low
8225,0.11183269,0,Low
8789,0.11166998,0,Low
9167,0.11163042,0,Low
8746,0.11154028,0,Low
8690,0.11149122,0,Low
9734,0.111377105,0,Low
9739,0.11117993,0,Low
8302,0.11116713,0,Low
9772,0.11116683,0,Low
9758,0.11091304,0,Low
9999,0.11060786,0,Low
8366,0.110589616,0,Low
8798,0.10998443,0,Low
9922,0.10987978,0,Low
9752,0.10972911,0,Low
9037,0.109709196,0,Low
9083,0.10928395,0,Low
8677,0.109247014,0,Low
9496,0.107991,0,Low
8252,0.10763371,0,Low
8578,0.1075316,0,Low
9237,0.107447326,0,Low
8604,0.10735549,0,Low
8951,0.10733741,0,Low
9557,0.1069933,0,Low
8481,0.106814705,0,Low
8205,0.10635437,0,Low
9299,0.10633792,0,Low
9990,0.10449001,0,Low
9991,0.10427982,0,Low
8216,0.10393111,0,Low
8693,0.10360388,0,Low
8142,0.10357961,0,Low
9266,0.103156105,0,Low
8857,0.10301457,0,Low
9074,0.10292211,0,Low
9896,0.102685735,0,Low
8009,0.101895675,0,Low
9028,0.10097814,0,Low
9115,0.10080056,0,Low
8848,0.10077753,0,Low
8179,0.10076525,0,Low
9709,0.10070325,0,Low
8038,0.10034356,0,Low
8987,0.100266,0,Low
8705,0.10006447,0,Low
8672,0.09962482,0,Low
8263,0.099459685,0,Low
8539,0.099434614,0,Low
8459,0.09905149,0,Low
8495,0.09840557,0,Low
8110,0.098341666,0,Low
9123,0.098177,0,Low
8811,0.09811141,0,Low
8260,0.09809409,0,Low
8887,0.09785927,0,Low
8286,0.09775179,0,Low
8799,0.097571544,0,Low
9733,0.09756906,0,Low
9645,0.09743364,0,Low
8503,0.09729043,0,Low
9820,0.09709489,0,Low
9247,0.09693526,0,Low
9405,0.096867576,0,Low
8659,0.096708916,0,Low
9269,0.09653132,0,Low
8240,0.09592533,0,Low
9997,0.09588954,0,Low
9821,0.09574491,0,Low
8451,0.09549531,0,Low
9880,0.09535368,0,Low
9048,0.09529782,0,Low
9150,0.09527965,0,Low
9992,0.09506895,0,Low
9254,0.09419873,0,Low
9165,0.094016865,0,Low
8221,0.093815744,0,Low
8259,0.09381067,0,Low
9452,0.09351243,0,Low
9612,0.093200594,0,Low
8478,0.093051,0,Low
9791,0.09299937,0,Low
9394,0.09296695,0,Low
9906,0.09290008,0,Low
9949,0.092844084,0,Low
9689,0.0926797,0,Low
9915,0.09221478,0,Low
8332,0.09157029,0,Low
9981,0.091417246,0,Low
8969,0.09110672,0,Low
9851,0.09103156,0,Low
8288,0.090872936,0,Low
8200,0.09075782,0,Low
9793,0.09058858,0,Low
8174,0.09043796,0,Low
9436,0.09036805,0,Low
9499,0.09036805,0,Low
8649,0.089874275,0,Low
8446,0.08968661,0,Low
9310,0.089319065,0,Low
9873,0.089233875,0,Low
9217,0.089153275,0,Low
8294,0.089130014,0,Low
8089,0.08858043,0,Low
8155,0.088314705,0,Low
9856,0.08771385,0,Low
8652,0.08739503,0,Low
9252,0.08716895,0,Low
9766,0.086880185,0,Low
9054,0.08667711,0,Low
9307,0.086376786,0,Low
9212,0.08616627,0,Low
9839,0.08598695,0,Low
9782,0.08591423,0,Low
9918,0.08548388,0,Low
8295,0.08509322,0,Low
8589,0.08495752,0,Low
8891,0.084956385,0,Low
9016,0.08445603,0,Low
8730,0.084435195,0,Low
8277,0.084225334,0,Low
9607,0.08415599,0,Low
9550,0.084149346,0,Low
8898,0.084131464,0,Low
9923,0.08392277,0,Low
8728,0.08346933,0,Low
8449,0.08293021,0,Low
8839,0.08261933,0,Low
8228,0.08256337,0,Low
9488,0.0825448,0,Low
9613,0.08247027,0,Low
9977,0.082208276,0,Low
9968,0.081787266,0,Low
8925,0.08165556,0,Low
9397,0.08165453,0,Low
8877,0.08110521,0,Low
8057,0.08104297,0,Low
8666,0.08093662,0,Low
8670,0.08076157,0,Low
9894,0.0807081,0,Low
8810,0.080666274,0,Low
8293,0.08055261,0,Low
9133,0.08036675,0,Low
8871,0.08029168,0,Low
8612,0.080191985,0,Low
8455,0.08015768,0,Low
8691,0.08008184,0,Low
8807,0.0799203,0,Low
9166,0.07983375,0,Low
9352,0.07976456,0,Low
8453,0.079710394,0,Low
9993,0.07967335,0,Low
8907,0.07934615,0,Low
8368,0.07934497,0,Low
8017,0.078996316,0,Low
8580,0.07896579,0,Low
9695,0.07880554,0,Low
9891,0.07869796,0,Low
9732,0.078578725,0,Low
9933,0.078578725,0,Low
9398,0.07847323,0,Low
8237,0.07819146,0,Low
9378,0.07803766,0,Low
8134,0.07798686,0,Low
9090,0.077968605,0,Low
8577,0.077906996,0,Low
8002,0.07760452,0,Low
8603,0.07721162,0,Low
9387,0.07715382,0,Low
8409,0.07704444,0,Low
9061,0.07688682,0,Low
9108,0.076879375,0,Low
9329,0.07686,0,Low
9641,0.07684635,0,Low
9107,0.0768097,0,Low
8012,0.07642115,0,Low
8554,0.07577522,0,Low
8445,0.07574093,0,Low
8207,0.07572154,0,Low
8212,0.07561956,0,Low
8737,0.0756132,0,Low
9592,0.07556179,0,Low
9392,0.07553781,0,Low
8600,0.07544257,0,Low
8765,0.07536027,0,Low
8900,0.075074956,0,Low
8936,0.07502385,0,Low
9475,0.07499859,0,Low
9523,0.074820384,0,Low
9306,0.07458103,0,Low
8979,0.074270114,0,Low
8033,0.074258804,0,Low
8109,0.07393361,0,Low
9384,0.07390135,0,Low
8769,0.07386767,0,Low
9430,0.073846735,0,Low
9697,0.073726796,0,Low
9925,0.073705435,0,Low
8076,0.073584944,0,Low
8759,0.07357826,0,Low
9673,0.07335443,0,Low
8943,0.072998405,0,Low
8435,0.072627395,0,Low
8311,0.072552375,0,Low
9573,0.07230731,0,Low
9060,0.072257414,0,Low
8552,0.072218314,0,Low
8749,0.072097324,0,Low
8838,0.07204721,0,Low
9809,0.07202477,0,Low
9198,0.07196188,0,Low
8385,0.07188446,0,Low
8797,0.071779005,0,Low
9235,0.07153012,0,Low
9089,0.07139335,0,Low
8982,0.07119555,0,Low
9080,0.07100812,0,Low
8178,0.07093567,0,Low
9562,0.07078132,0,Low
8265,0.07071605,0,Low
8390,0.070633434,0,Low
9541,0.070533946,0,Low
8802,0.07046014,0,Low
9277,0.0703775,0,Low
9039,0.070063345,0,Low
8940,0.06994206,0,Low
8700,0.0699068,0,Low
8396,0.069813795,0,Low
9104,0.06975597,0,Low
8510,0.06962567,0,Low
8373,0.069362015,0,Low
9934,0.06920659,0,Low
9745,0.06916071,0,Low
9551,0.069133274,0,Low
9765,0.06899088,0,Low
9848,0.068962455,0,Low
8122,0.068935946,0,Low
8661,0.06878506,0,Low
8559,0.06860647,0,Low
8251,0.06859793,0,Low
9415,0.06858244,0,Low
8869,0.06852515,0,Low
9044,0.068451926,0,Low
8162,0.068313755,0,Low
8937,0.06822481,0,Low
9705,0.068165846,0,Low
8457,0.06787636,0,Low
9204,0.06756604,0,Low
8352,0.06745767,0,Low
8460,0.06733728,0,Low
9747,0.06703459,0,Low
9453,0.06700304,0,Low
9756,0.066644624,0,Low
9207,0.066560626,0,Low
9534,0.0665034,0,Low
8880,0.066501044,0,Low
9076,0.06638245,0,Low
8804,0.06616942,0,Low
9034,0.0659153,0,Low
8710,0.06589236,0,Low
8027,0.0658766,0,Low
8029,0.065800115,0,Low
8090,0.06566577,0,Low
8030,0.065329485,0,Low
9357,0.06528993,0,Low
9749,0.065257035,0,Low
8083,0.06509942,0,Low
9954,0.06487707,0,Low
9957,0.0648001,0,Low
8785,0.06475769,0,Low
9655,0.06453892,0,Low
9803,0.064528465,0,Low
8597,0.06449956,0,Low
8886,0.06442901,0,Low
9323,0.06439504,0,Low
9585,0.064393245,0,Low
8222,0.0642287,0,Low
8361,0.064153045,0,Low
9216,0.06412078,0,Low
9338,0.06397067,0,Low
9031,0.063768,0,Low
9742,0.06374047,0,Low
8947,0.06370168,0,Low
9450,0.063618235,0,Low
9030,0.06358982,0,Low
9831,0.063403696,0,Low
8566,0.06329147,0,Low
8317,0.06328449,0,Low
9355,0.063244544,0,Low
9313,0.06317806,0,Low
8668,0.06304472,0,Low
8415,0.063032225,0,Low
9549,0.06278487,0,Low
8682,0.06277434,0,Low
9486,0.06273704,0,Low
8407,0.06263337,0,Low
8742,0.06249322,0,Low
8592,0.062423933,0,Low
9383,0.062354352,0,Low
8575,0.062344182,0,Low
9913,0.0622317,0,Low
8630,0.06222111,0,Low
9871,0.062162798,0,Low
8501,0.06215409,0,Low
8084,0.06203851,0,Low
8078,0.061933417,0,Low
8563,0.06181873,0,Low
9014,0.061729796,0,Low
9088,0.061725818,0,Low
8363,0.061689403,0,Low
9297,0.06168293,0,Low
9366,0.06158975,0,Low
8530,0.061481208,0,Low
9895,0.06112653,0,Low
8698,0.06112329,0,Low
8849,0.06111721,0,Low
9861,0.061110087,0,Low
8331,0.061021492,0,Low
9138,0.060962006,0,Low
8860,0.06089518,0,Low
9987,0.06074083,0,Low
8395,0.06069314,0,Low
9075,0.060653515,0,Low
9302,0.060621485,0,Low
9951,0.060605522,0,Low
8641,0.060553934,0,Low
8140,0.060543004,0,Low
9629,0.06051441,0,Low
9787,0.06048361,0,Low
8249,0.06048361,0,Low
9826,0.06036981,0,Low
8968,0.060246922,0,Low
8026,0.060242873,0,Low
9200,0.05999541,0,Low
8829,0.059926834,0,Low
8782,0.059882123,0,Low
8144,0.05988103,0,Low
9069,0.05980667,0,Low
9335,0.05980394,0,Low
9147,0.059767168,0,Low
9753,0.05972489,0,Low
8902,0.05965578,0,Low
8914,0.059557702,0,Low
8497,0.059512936,0,Low
9356,0.05945596,0,Low
9271,0.0594488,0,Low
8021,0.059432276,0,Low
9823,0.059361316,0,Low
9095,0.05918824,0,Low
9319,0.05884696,0,Low
8339,0.05876941,0,Low
9811,0.058584955,0,Low
9213,0.058569934,0,Low
9070,0.058547772,0,Low
8217,0.058241855,0,Low
9328,0.05821721,0,Low
9062,0.058210216,0,Low
8544,0.058186274,0,Low
8014,0.058123972,0,Low
8815,0.058004282,0,Low
9750,0.057989012,0,Low
8163,0.057965215,0,Low
9956,0.057952426,0,Low
9743,0.057755962,0,Low
8774,0.05763202,0,Low
8338,0.057627738,0,Low
8077,0.05741386,0,Low
8382,0.057214893,0,Low
9646,0.057203434,0,Low
9815,0.057075642,0,Low
9623,0.057075642,0,Low
9737,0.056943677,0,Low
8773,0.05680921,0,Low
9736,0.05676374,0,Low
9218,0.05672894,0,Low
8562,0.056580983,0,Low
8695,0.05652223,0,Low
8707,0.05630107,0,Low
8718,0.056279156,0,Low
9096,0.056271613,0,Low
8483,0.05619277,0,Low
8845,0.056154218,0,Low
8505,0.056027636,0,Low
8327,0.05593511,0,Low
8647,0.05571813,0,Low
9694,0.055420693,0,Low
9008,0.055381402,0,Low
8218,0.055295605,0,Low
9347,0.05526639,0,Low
9827,0.05519441,0,Low
8680,0.055164482,0,Low
9512,0.054779813,0,Low
8191,0.054756373,0,Low
9211,0.05469562,0,Low
8377,0.054645963,0,Low
9654,0.05461508,0,Low
8729,0.054601323,0,Low
9141,0.054427236,0,Low
9246,0.054405447,0,Low
8826,0.0542961,0,Low
8687,0.054137338,0,Low
8312,0.054129172,0,Low
8615,0.054122422,0,Low
8219,0.054050364,0,Low
8719,0.05395394,0,Low
9380,0.05391561,0,Low
9924,0.053633526,0,Low
9507,0.053561125,0,Low
8180,0.053469308,0,Low
8861,0.053467676,0,Low
9140,0.05340122,0,Low
9674,0.053399883,0,Low
8072,0.053362027,0,Low
8548,0.053325538,0,Low
9131,0.052889936,0,Low
9333,0.052535947,0,Low
8885,0.052514166,0,Low
8916,0.052491076,0,Low
8611,0.052484304,0,Low
9286,0.052452147,0,Low
9371,0.0524239,0,Low
8098,0.052318215,0,Low
9778,0.052199285,0,Low
9670,0.05213606,0,Low
8484,0.05213559,0,Low
8882,0.05207764,0,Low
8825,0.05182173,0,Low
9637,0.051745307,0,Low
9771,0.051710825,0,Low
9864,0.05163811,0,Low
9571,0.05157216,0,Low
8731,0.05150922,0,Low
8376,0.05147977,0,Low
8972,0.051449653,0,Low
9773,0.051432677,0,Low
8681,0.051334806,0,Low
8411,0.05130432,0,Low
8372,0.05128715,0,Low
8564,0.051273532,0,Low
9716,0.05117049,0,Low
9462,0.050927438,0,Low
9340,0.050748512,0,Low
8762,0.050742894,0,Low
9941,0.05057204,0,Low
9240,0.050489623,0,Low
8701,0.05045184,0,Low
8080,0.050343703,0,Low
8081,0.05026066,0,Low
8156,0.050233915,0,Low
8703,0.05021922,0,Low
8031,0.050210442,0,Low
8767,0.05014574,0,Low
9707,0.0500972,0,Low
8498,0.04992248,0,Low
8571,0.049914468,0,Low
9597,0.049843013,0,Low
8853,0.04962308,0,Low
8340,0.049611334,0,Low
8094,0.049591515,0,Low
9197,0.049565397,0,Low
9521,0.049426556,0,Low
8068,0.04941999,0,Low
8381,0.04939407,0,Low
9342,0.049249467,0,Low
8085,0.049247894,0,Low
9187,0.049137536,0,Low
8461,0.04911412,0,Low
9210,0.049053237,0,Low
9289,0.048997037,0,Low
8275,0.048617054,0,Low
9092,0.048617054,0,Low
9308,0.04859378,0,Low
9161,0.048530035,0,Low
9975,0.04851591,0,Low
9828,0.04850211,0,Low
9720,0.04849335,0,Low
8279,0.048381757,0,Low
9447,0.048357,0,Low
8008,0.048320577,0,Low
9866,0.048299078,0,Low
8537,0.048240088,0,Low
9426,0.048194844,0,Low
8354,0.048143163,0,Low
9701,0.048142377,0,Low
9341,0.048115022,0,Low
8609,0.048108004,0,Low
8371,0.04807192,0,Low
8357,0.04800564,0,Low
9396,0.047998585,0,Low
9538,0.04791469,0,Low
9476,0.047899853,0,Low
8547,0.047765117,0,Low
9680,0.047705688,0,Low
9757,0.04768615,0,Low
9189,0.047654252,0,Low
9416,0.047643486,0,Low
8452,0.047643263,0,Low
9251,0.047643263,0,Low
9483,0.047575254,0,Low
9738,0.04751493,0,Low
9234,0.0474596,0,Low
8514,0.047453303,0,Low
8106,0.047399707,0,Low
9652,0.04739924,0,Low
8121,0.047286134,0,Low
8148,0.04726634,0,Low
9858,0.04722083,0,Low
9370,0.047139686,0,Low
8515,0.047064614,0,Low
9642,0.047044642,0,Low
8613,0.04700866,0,Low
8392,0.0468658,0,Low
8920,0.046795707,0,Low
8082,0.046745587,0,Low
9493,0.04667084,0,Low
8973,0.046651505,0,Low
9248,0.046620816,0,Low
9947,0.046538126,0,Low
8215,0.046499725,0,Low
9935,0.046383962,0,Low
9500,0.046349406,0,Low
9292,0.04632153,0,Low
9179,0.046282228,0,Low
9960,0.046230752,0,Low
9180,0.046174668,0,Low
9601,0.0461701,0,Low
8507,0.046047598,0,Low
8736,0.04601502,0,Low
9543,0.04595283,0,Low
8398,0.0458772,0,Low
8010,0.045849167,0,Low
8131,0.045837067,0,Low
8533,0.045702845,0,Low
8408,0.045682646,0,Low
8712,0.04564493,0,Low
9413,0.045459673,0,Low
8166,0.04542536,0,Low
8720,0.045424357,0,Low
8732,0.04530443,0,Low
9834,0.045299593,0,Low
8822,0.045290425,0,Low
8899,0.045288615,0,Low
8490,0.045088336,0,Low
9410,0.045074493,0,Low
9755,0.04504066,0,Low
9796,0.045028646,0,Low
8064,0.04496459,0,Low
9066,0.044913843,0,Low
8722,0.04486215,0,Low
8499,0.044818833,0,Low
8775,0.044770274,0,Low
9464,0.044708416,0,Low
9143,0.04467028,0,Low
8152,0.044605147,0,Low
9539,0.044586096,0,Low
9700,0.044572584,0,Low
8528,0.04454401,0,Low
8933,0.0445093,0,Low
9160,0.04443783,0,Low
8967,0.044335525,0,Low
8541,0.044327278,0,Low
9519,0.04426259,0,Low
9859,0.04422835,0,Low
9009,0.044161398,0,Low
9795,0.0441284,0,Low
9634,0.044116937,0,Low
9704,0.044089034,0,Low
8403,0.04407313,0,Low
8610,0.044045046,0,Low
8957,0.04403866,0,Low
8417,0.04400853,0,Low
9598,0.043952312,0,Low
9407,0.043858513,0,Low
9586,0.043833423,0,Low
8114,0.043752257,0,Low
9348,0.04371968,0,Low
9334,0.043695893,0,Low
8355,0.043692823,0,Low
8569,0.04363127,0,Low
8472,0.043611217,0,Low
8992,0.043586403,0,Low
8619,0.043521333,0,Low
9522,0.043495655,0,Low
8662,0.043467365,0,Low
8527,0.043438446,0,Low
9870,0.043288715,0,Low
8447,0.043231025,0,Low
8032,0.04322245,0,Low
9482,0.043173347,0,Low
8867,0.043163784,0,Low
9135,0.04313256,0,Low
8788,0.043042388,0,Low
8642,0.042945426,0,Low
9903,0.042886756,0,Low
9784,0.04286728,0,Low
9047,0.04284411,0,Low
9122,0.04283696,0,Low
9885,0.042683505,0,Low
9311,0.04268292,0,Low
9011,0.042652126,0,Low
9996,0.04264291,0,Low
8133,0.04262755,0,Low
9003,0.042597447,0,Low
8995,0.04249221,0,Low
8790,0.042489115,0,Low
8678,0.04244662,0,Low
9955,0.042279746,0,Low
9067,0.042235415,0,Low
8430,0.042234298,0,Low
9775,0.042221215,0,Low
8913,0.042172838,0,Low
9432,0.04215414,0,Low
9146,0.04215187,0,Low
8283,0.04209287,0,Low
8384,0.042063337,0,Low
9711,0.041950997,0,Low
8988,0.041878548,0,Low
8702,0.041869327,0,Low
9428,0.041815694,0,Low
8011,0.041647676,0,Low
8983,0.041585173,0,Low
8132,0.041568443,0,Low
8904,0.0415416,0,Low
8189,0.041505396,0,Low
8639,0.041504886,0,Low
8506,0.041265357,0,Low
8931,0.041194145,0,Low
8145,0.04118368,0,Low
9849,0.041161016,0,Low
8820,0.0411567,0,Low
8949,0.04115032,0,Low
9553,0.040981334,0,Low
8518,0.040954337,0,Low
8210,0.04094025,0,Low
9451,0.04093621,0,Low
8414,0.040922638,0,Low
8671,0.04079861,0,Low
8428,0.04079189,0,Low
8521,0.040784318,0,Low
8239,0.04074833,0,Low
8800,0.040679943,0,Low
8556,0.040628914,0,Low
8744,0.040595118,0,Low
8426,0.040571798,0,Low
9106,0.040499933,0,Low
8696,0.040473167,0,Low
8709,0.040472187,0,Low
8022,0.040397987,0,Low
8881,0.04033978,0,Low
8697,0.04026079,0,Low
9466,0.040225476,0,Low
8197,0.04021873,0,Low
8421,0.04020895,0,Low
9962,0.04017345,0,Low
8856,0.04015757,0,Low
9505,0.040123247,0,Low
9446,0.04008281,0,Low
8101,0.04006518,0,Low
8187,0.040055662,0,Low
9461,0.04004928,0,Low
8493,0.04002248,0,Low
8622,0.039913554,0,Low
9114,0.039896417,0,Low
9173,0.03986288,0,Low
9729,0.03981336,0,Low
9619,0.03961424,0,Low
8397,0.03961222,0,Low
8763,0.039559916,0,Low
9202,0.039554294,0,Low
8529,0.039528143,0,Low
9079,0.03950617,0,Low
8231,0.039485984,0,Low
8752,0.039437074,0,Low
8842,0.039426275,0,Low
8046,0.0393458,0,Low
8466,0.039321538,0,Low
9524,0.039218612,0,Low
8491,0.039093763,0,Low
8442,0.038986627,0,Low
9171,0.038980376,0,Low
8866,0.03893726,0,Low
9085,0.038922347,0,Low
9385,0.03877019,0,Low
9099,0.038748816,0,Low
9219,0.038746886,0,Low
9168,0.038677506,0,Low
8646,0.038620405,0,Low
8579,0.03858928,0,Low
9874,0.03858554,0,Low
9661,0.038575493,0,Low
8051,0.038562663,0,Low
8954,0.038509365,0,Low
8854,0.038483772,0,Low
9535,0.038428742,0,Low
9840,0.03827358,0,Low
9443,0.03826754,0,Low
9509,0.038253926,0,Low
8171,0.03822814,0,Low
8056,0.038207345,0,Low
8714,0.038091697,0,Low
8285,0.038033165,0,Low
8715,0.037914198,0,Low
8624,0.037855756,0,Low
8632,0.037848834,0,Low
8921,0.037801865,0,Low
9353,0.03779224,0,Low
9120,0.0377401,0,Low
9230,0.037600756,0,Low
9916,0.037551396,0,Low
9172,0.037531015,0,Low
9911,0.037503283,0,Low
9498,0.03747152,0,Low
9331,0.03743319,0,Low
8594,0.037340358,0,Low
8304,0.03729436,0,Low
9433,0.03728512,0,Low
8176,0.03725771,0,Low
9807,0.037210777,0,Low
9186,0.037145764,0,Low
8320,0.037109062,0,Low
8406,0.037093077,0,Low
8806,0.03704142,0,Low
8956,0.03703732,0,Low
9672,0.03701401,0,Low
8573,0.037000194,0,Low
9883,0.036986973,0,Low
9768,0.03694668,0,Low
9469,0.036945697,0,Low
8079,0.03691479,0,Low
9554,0.03689022,0,Low
9134,0.036878332,0,Low
9770,0.03687492,0,Low
9480,0.036856733,0,Low
9930,0.03682409,0,Low
9542,0.03676265,0,Low
8129,0.036728047,0,Low
8543,0.036670215,0,Low
8165,0.036650386,0,Low
9043,0.03662144,0,Low
9170,0.036617495,0,Low
8917,0.036596283,0,Low
9973,0.036580767,0,Low
9676,0.036543652,0,Low
9691,0.03652692,0,Low
9508,0.036512632,0,Low
9653,0.036399037,0,Low
9427,0.03637924,0,Low
9020,0.03637309,0,Low
8935,0.036204863,0,Low
9324,0.036188778,0,Low
8113,0.036168244,0,Low
8487,0.036141198,0,Low
9639,0.036115494,0,Low
8444,0.036028985,0,Low
9261,0.03595218,0,Low
9046,0.03585691,0,Low
8181,0.03585687,0,Low
8633,0.035663377,0,Low
8127,0.035516944,0,Low
8120,0.035501186,0,Low
8941,0.035387114,0,Low
8494,0.035366464,0,Low
9764,0.03534372,0,Low
8508,0.035323203,0,Low
8743,0.035313122,0,Low
9132,0.035289243,0,Low
9149,0.03527998,0,Low
8706,0.03526421,0,Low
8159,0.03523094,0,Low
8424,0.035219893,0,Low
8561,0.03515848,0,Low
8889,0.03515438,0,Low
9222,0.03514083,0,Low
9278,0.035024818,0,Low
9071,0.034969397,0,Low
9273,0.03495371,0,Low
8035,0.034898117,0,Low
8059,0.03489315,0,Low
9422,0.03484745,0,Low
9243,0.03479222,0,Low
8801,0.03478319,0,Low
8410,0.034764662,0,Low
8267,0.03474366,0,Low
9887,0.034690592,0,Low
8778,0.03467517,0,Low
9026,0.034620203,0,Low
8069,0.03457822,0,Low
9151,0.03445454,0,Low
8136,0.03445076,0,Low
9399,0.03442768,0,Low
8434,0.03441737,0,Low
9854,0.034378733,0,Low
8812,0.034359694,0,Low
9582,0.03432949,0,Low
8513,0.034299705,0,Low
9952,0.034270898,0,Low
8660,0.034222726,0,Low
9287,0.034202017,0,Low
9810,0.03415979,0,Low
9920,0.034155037,0,Low
8471,0.034095548,0,Low
8971,0.034077834,0,Low
9943,0.034068502,0,Low
8402,0.034008563,0,Low
8545,0.033991266,0,Low
9762,0.033961922,0,Low
8557,0.03393855,0,Low
8748,0.033857003,0,Low
9531,0.03378929,0,Low
9100,0.03378929,0,Low
9907,0.033781856,0,Low
9386,0.03373417,0,Low
9504,0.03369374,0,Low
8587,0.03366703,0,Low
8343,0.033652894,0,Low
8628,0.03364746,0,Low
9250,0.033600256,0,Low
8593,0.033590227,0,Low
9657,0.033584245,0,Low
9678,0.03357086,0,Low
9359,0.033563063,0,Low
8433,0.033561546,0,Low
8336,0.0334518,0,Low
8206,0.03342409,0,Low
9603,0.03340906,0,Low
9467,0.033394504,0,Low
9477,0.03338082,0,Low
9790,0.0333277,0,Low
8048,0.033291943,0,Low
8102,0.03312829,0,Low
8965,0.033071686,0,Low
9726,0.033049554,0,Low
8685,0.03302263,0,Low
9105,0.03295525,0,Low
9293,0.03293207,0,Low
9101,0.032930158,0,Low
8391,0.032928884,0,Low
9175,0.032852914,0,Low
8188,0.032825038,0,Low
9666,0.032794625,0,Low
8863,0.032692548,0,Low
8532,0.03266514,0,Low
8874,0.03265001,0,Low
9136,0.032633226,0,Low
9566,0.032630466,0,Low
9015,0.03262504,0,Low
9881,0.032606654,0,Low
9929,0.032599557,0,Low
8169,0.032587904,0,Low
8711,0.03253678,0,Low
8653,0.03248885,0,Low
8910,0.032453485,0,Low
9086,0.032445844,0,Low
9502,0.032424003,0,Low
9336,0.032402035,0,Low
8626,0.032398492,0,Low
8640,0.032389935,0,Low
9679,0.03229023,0,Low
9465,0.032284956,0,Low
9972,0.032131292,0,Low
8097,0.032111242,0,Low
9712,0.032027576,0,Low
8627,0.031942833,0,Low
8272,0.031896234,0,Low
9343,0.03185178,0,Low
8365,0.031845678,0,Low
8037,0.031845335,0,Low
8808,0.03182706,0,Low
8230,0.031816453,0,Low
8195,0.03165925,0,Low
9893,0.031640586,0,Low
9506,0.03160459,0,Low
9098,0.0315941,0,Low
9148,0.031582627,0,Low
8879,0.03154576,0,Low
9316,0.031387128,0,Low
8213,0.031369925,0,Low
8688,0.031369925,0,Low
8075,0.031352244,0,Low
8676,0.031219004,0,Low
8234,0.031154104,0,Low
8315,0.031107973,0,Low
9139,0.030989014,0,Low
9295,0.030961713,0,Low
8388,0.030929824,0,Low
8226,0.030744115,0,Low
9459,0.030739328,0,Low
9627,0.030729847,0,Low
8605,0.030712813,0,Low
9258,0.030709615,0,Low
9558,0.03070426,0,Low
8796,0.03063558,0,Low
9177,0.030566087,0,Low
8828,0.030544896,0,Low
9682,0.030505663,0,Low
9846,0.030460956,0,Low
9063,0.03042991,0,Low
8164,0.030360412,0,Low
8150,0.030348048,0,Low
8522,0.030298436,0,Low
9152,0.030198524,0,Low
8341,0.030182496,0,Low
8325,0.03011697,0,Low
8053,0.030091269,0,Low
9033,0.030066641,0,Low
9814,0.03004929,0,Low
9327,0.030023713,0,Low
8177,0.030023713,0,Low
8751,0.02998116,0,Low
9555,0.029966569,0,Low
9576,0.029945591,0,Low
8464,0.029878905,0,Low
9081,0.029878765,0,Low
8473,0.029830256,0,Low
9376,0.029742412,0,Low
9093,0.029697545,0,Low
8981,0.029650226,0,Low
9241,0.029597735,0,Low
8063,0.029593632,0,Low
9304,0.029573504,0,Low
9403,0.029565115,0,Low
8419,0.029550808,0,Low
9581,0.02938281,0,Low
9860,0.029374372,0,Low
8525,0.029365325,0,Low
8257,0.02926566,0,Low
8770,0.029252615,0,Low
8638,0.029227974,0,Low
9059,0.029224657,0,Low
8119,0.029185379,0,Low
9759,0.029148785,0,Low
9153,0.029080104,0,Low
8976,0.029034266,0,Low
8679,0.029030157,0,Low
9649,0.028970033,0,Low
9801,0.028915307,0,Low
9400,0.028878508,0,Low
9406,0.028861241,0,Low
9546,0.028768301,0,Low
8990,0.028758198,0,Low
8821,0.028756784,0,Low
9279,0.028743869,0,Low
9354,0.028699592,0,Low
8192,0.02868833,0,Low
9236,0.028686961,0,Low
8116,0.02866171,0,Low
9072,0.02864928,0,Low
8095,0.028633391,0,Low
9532,0.028600687,0,Low
8321,0.028597023,0,Low
9718,0.028568624,0,Low
8625,0.028560493,0,Low
8875,0.028532425,0,Low
8383,0.028473834,0,Low
8055,0.028470246,0,Low
8139,0.028461441,0,Low
9608,0.028330557,0,Low
9798,0.028273517,0,Low
8326,0.028241288,0,Low
9514,0.028223792,0,Low
8636,0.028116103,0,Low
8253,0.028042559,0,Low
9927,0.027997494,0,Low
9988,0.027974807,0,Low
9429,0.027951634,0,Low
8423,0.027895639,0,Low
9570,0.027895492,0,Low
8440,0.027845832,0,Low
8335,0.027786145,0,Low
9805,0.027780872,0,Low
8393,0.02778039,0,Low
9869,0.027771216,0,Low
9272,0.027761605,0,Low
9091,0.027740087,0,Low
8117,0.02770095,0,Low
9722,0.027696088,0,Low
8620,0.02768821,0,Low
8962,0.02767682,0,Low
8590,0.027623631,0,Low
9478,0.027613275,0,Low
9658,0.027608136,0,Low
9978,0.027567936,0,Low
8389,0.027526755,0,Low
8182,0.027467826,0,Low
8716,0.027447825,0,Low
9890,0.027398901,0,Low
8100,0.02737214,0,Low
9868,0.027309429,0,Low
9479,0.027280007,0,Low
8016,0.02725418,0,Low
9684,0.027234478,0,Low
9473,0.027188716,0,Low
9449,0.02718583,0,Low
8193,0.02717663,0,Low
9668,0.027165987,0,Low
8985,0.027143998,0,Low
8036,0.027068367,0,Low
8766,0.026992302,0,Low
9314,0.0269525,0,Low
8550,0.026944872,0,Low
9367,0.02691131,0,Low
9346,0.026859919,0,Low
8003,0.026839985,0,Low
9591,0.02675467,0,Low
8504,0.026698044,0,Low
9077,0.026689388,0,Low
8269,0.026681017,0,Low
8488,0.026663203,0,Low
9699,0.026635274,0,Low
8087,0.026605688,0,Low
9829,0.026501795,0,Low
8915,0.026490364,0,Low
9144,0.026471844,0,Low
8065,0.0264135,0,Low
8876,0.026334256,0,Low
8768,0.026194131,0,Low
8462,0.026133982,0,Low
9587,0.02612822,0,Low
8753,0.026115846,0,Low
8292,0.02606089,0,Low
9832,0.025984358,0,Low
8674,0.025909984,0,Low
9024,0.025865294,0,Low
8441,0.02585993,0,Low
9628,0.02579624,0,Low
8623,0.025785217,0,Low
9980,0.025779044,0,Low
9844,0.025717154,0,Low
9205,0.025716621,0,Low
8817,0.02560308,0,Low
9042,0.025510984,0,Low
9777,0.025502907,0,Low
8015,0.025461597,0,Low
9824,0.025457375,0,Low
9456,0.025452541,0,Low
8203,0.025377702,0,Low
8367,0.02534247,0,Low
8246,0.025282266,0,Low
8656,0.025275256,0,Low
8118,0.025254518,0,Low
8167,0.025239458,0,Low
8903,0.02521635,0,Low
9265,0.025193693,0,Low
9437,0.025161566,0,Low
8111,0.025135439,0,Low
9692,0.024955345,0,Low
9746,0.024924507,0,Low
8868,0.024900744,0,Low
9884,0.024890631,0,Low
9559,0.024778282,0,Low
9255,0.024738861,0,Low
8567,0.024718408,0,Low
8482,0.024682298,0,Low
8049,0.024615452,0,Low
8469,0.02461528,0,Low
8534,0.024598502,0,Low
9845,0.024551027,0,Low
9640,0.024551027,0,Low
9280,0.024518559,0,Low
9249,0.024512293,0,Low
9721,0.024511637,0,Low
8657,0.024500176,0,Low
8966,0.02448774,0,Low
8220,0.024484204,0,Low
8872,0.02447411,0,Low
9953,0.0244733,0,Low
9244,0.024430174,0,Low
9468,0.024352897,0,Low
9631,0.024338976,0,Low
9121,0.024338834,0,Low
9412,0.024329074,0,Low
8071,0.024277575,0,Low
8413,0.024225859,0,Low
8044,0.02421642,0,Low
9710,0.024168916,0,Low
9616,0.024159476,0,Low
8818,0.02415591,0,Low
8888,0.024105879,0,Low
9594,0.024053106,0,Low
9708,0.02405122,0,Low
8271,0.024029262,0,Low
9021,0.024019692,0,Low
9102,0.02401236,0,Low
8147,0.023991484,0,Low
8602,0.0239347,0,Low
9154,0.023695527,0,Low
9618,0.023671221,0,Low
9169,0.023405777,0,Low
9813,0.023368955,0,Low
8306,0.023358975,0,Low
9520,0.023317458,0,Low
9982,0.023287948,0,Low
9192,0.023157312,0,Low
9964,0.023134094,0,Low
9215,0.023130886,0,Low
9158,0.023065574,0,Low
9950,0.023052733,0,Low
9229,0.022997411,0,Low
9417,0.022997411,0,Low
9719,0.022963176,0,Low
8289,0.022936085,0,Low
9584,0.022916246,0,Low
9345,0.022913918,0,Low
8153,0.022898583,0,Low
9301,0.022881674,0,Low
9423,0.022870796,0,Low
8475,0.02285751,0,Low
9361,0.022787876,0,Low
8540,0.02277241,0,Low
9419,0.022524545,0,Low
8443,0.022506284,0,Low
9574,0.022467555,0,Low
9567,0.022461105,0,Low
9663,0.022450015,0,Low
9785,0.022421774,0,Low
8143,0.02240988,0,Low
9664,0.022399785,0,Low
9408,0.022378588,0,Low
9001,0.022350023,0,Low
8738,0.022324838,0,Low
9644,0.022303352,0,Low
8477,0.022301968,0,Low
9145,0.022293901,0,Low
8297,0.022214685,0,Low
8243,0.022214685,0,Low
9191,0.02221003,0,Low
8158,0.022180893,0,Low
8157,0.022105757,0,Low
8906,0.022097487,0,Low
8895,0.022093644,0,Low
8450,0.022089401,0,Low
8884,0.022039555,0,Low
8370,0.021992117,0,Low
9023,0.021951305,0,Low
8975,0.021897137,0,Low
9560,0.02186221,0,Low
8300,0.021848837,0,Low
9565,0.021833664,0,Low
8248,0.02182477,0,Low
9002,0.021770017,0,Low
8235,0.021669006,0,Low
9715,0.02164505,0,Low
9788,0.021632927,0,Low
9377,0.021630919,0,Low
9995,0.021599587,0,Low
9914,0.021583654,0,Low
8960,0.021517884,0,Low
8362,0.021478698,0,Low
8645,0.021467267,0,Low
9974,0.021415735,0,Low
8816,0.021399427,0,Low
9439,0.021389613,0,Low
9825,0.02134372,0,Low
9055,0.021295004,0,Low
9931,0.021279395,0,Low
8894,0.021192728,0,Low
9802,0.021141868,0,Low
9190,0.021134157,0,Low
8420,0.021059591,0,Low
9312,0.021005204,0,Low
9526,0.020981262,0,Low
8755,0.020970682,0,Low
8161,0.020869745,0,Low
9389,0.020854283,0,Low
9401,0.020694535,0,Low
9040,0.020674007,0,Low
9665,0.020641843,0,Low
9940,0.020618148,0,Low
8254,0.020612959,0,Low
8581,0.020579236,0,Low
8099,0.02051564,0,Low
9007,0.02050993,0,Low
8244,0.020497127,0,Low
9298,0.020482564,0,Low
9609,0.020463096,0,Low
9511,0.020387368,0,Low
8764,0.020367201,0,Low
8805,0.020315843,0,Low
8862,0.020313898,0,Low
9228,0.020309547,0,Low
8201,0.020262413,0,Low
9948,0.020224797,0,Low
9804,0.02018315,0,Low
9610,0.020180207,0,Low
8141,0.02015778,0,Low
8955,0.020070227,0,Low
9117,0.020066781,0,Low
8273,0.0200347,0,Low
9259,0.0200347,0,Low
9263,0.019985665,0,Low
9163,0.019828888,0,Low
9041,0.019790476,0,Low
8342,0.01972691,0,Low
9530,0.019725854,0,Low
9966,0.019705791,0,Low
9615,0.019694882,0,Low
9010,0.019608993,0,Low
9527,0.019599603,0,Low
9516,0.0195801,0,Low
8214,0.019576417,0,Low
8511,0.019557884,0,Low
9667,0.01950586,0,Low
9431,0.019457389,0,Low
8905,0.019403115,0,Low
8551,0.019374402,0,Low
9421,0.0193398,0,Low
8013,0.019327156,0,Low
9458,0.019309295,0,Low
8485,0.019283295,0,Low
8784,0.01928135,0,Low
8740,0.019280111,0,Low
8241,0.019253932,0,Low
8574,0.0192488,0,Low
9909,0.019243436,0,Low
9027,0.019229947,0,Low
9830,0.019218035,0,Low
9022,0.01919999,0,Low
9690,0.019183341,0,Low
8199,0.019178012,0,Low
9087,0.019155094,0,Low
8124,0.019132305,0,Low
8404,0.019125374,0,Low
9900,0.019098578,0,Low
9349,0.019005826,0,Low
9434,0.018990602,0,Low
8908,0.018983297,0,Low
9005,0.01892167,0,Low
9178,0.018921476,0,Low
8588,0.018874079,0,Low
9730,0.018813046,0,Low
9051,0.01876558,0,Low
8946,0.018760694,0,Low
8727,0.018749185,0,Low
8348,0.018747294,0,Low
8416,0.0187354,0,Low
8019,0.018735267,0,Low
9438,0.018695358,0,Low
8058,0.018681772,0,Low
9908,0.018676143,0,Low
8070,0.018668655,0,Low
9983,0.018651702,0,Low
9337,0.018601565,0,Low
9702,0.0185923,0,Low
8834,0.018547384,0,Low
8284,0.018481866,0,Low
9939,0.018441278,0,Low
8932,0.018403908,0,Low
8290,0.018385392,0,Low
8282,0.01836081,0,Low
9626,0.018308252,0,Low
8912,0.01828502,0,Low
9662,0.018279795,0,Low
8258,0.018262846,0,Low
9065,0.01816723,0,Low
9643,0.018147409,0,Low
9471,0.018147409,0,Low
9058,0.01813219,0,Low
9463,0.018130263,0,Low
8852,0.018066036,0,Low
8558,0.0180622,0,Low
9882,0.018029839,0,Low
9897,0.018020203,0,Low
8939,0.01800452,0,Low
8986,0.01798969,0,Low
8318,0.017942518,0,Low
9865,0.017923841,0,Low
8858,0.017869623,0,Low
8034,0.017857434,0,Low
8631,0.017816594,0,Low
9225,0.01781262,0,Low
9624,0.01776514,0,Low
8256,0.017727165,0,Low
8859,0.017720813,0,Low
8223,0.017711427,0,Low
9113,0.01769845,0,Low
9808,0.017691173,0,Low
8375,0.017677778,0,Low
8324,0.017666016,0,Low
9363,0.017650736,0,Low
8792,0.017619925,0,Low
9157,0.01761621,0,Low
8303,0.017600266,0,Low
8836,0.017584361,0,Low
8108,0.017579716,0,Low
9888,0.017547248,0,Low
9611,0.017525094,0,Low
9126,0.01750982,0,Low
9285,0.01740685,0,Low
9460,0.017336978,0,Low
8146,0.017314045,0,Low
9358,0.017313873,0,Low
9038,0.017301068,0,Low
9547,0.017295483,0,Low
9036,0.017233763,0,Low
9440,0.017226858,0,Low
9082,0.017211769,0,Low
8236,0.01720843,0,Low
9774,0.017189803,0,Low
8883,0.017149579,0,Low
8432,0.017093945,0,Low
9391,0.017076343,0,Low
9317,0.01705194,0,Low
9375,0.017036963,0,Low
8938,0.016958507,0,Low
8944,0.016935756,0,Low
9455,0.016906772,0,Low
9604,0.016905766,0,Low
8448,0.016894396,0,Low
8669,0.016860044,0,Low
9879,0.016845,0,Low
9789,0.016837683,0,Low
8824,0.016824529,0,Low
9264,0.01679218,0,Low
8777,0.016788976,0,Low
8379,0.016763555,0,Low
9979,0.016758464,0,Low
9572,0.016757725,0,Low
8717,0.016717099,0,Low
8598,0.016705822,0,Low
8549,0.016703803,0,Low
8412,0.016660172,0,Low
8689,0.016657611,0,Low
8786,0.016630592,0,Low
9201,0.016604247,0,Low
9045,0.016585376,0,Low
9818,0.01658133,0,Low
8721,0.016547037,0,Low
8437,0.016503701,0,Low
9763,0.016499879,0,Low
8067,0.016459681,0,Low
9073,0.016448986,0,Low
9671,0.01643994,0,Low
9025,0.016403733,0,Low
8229,0.016384587,0,Low
9184,0.016383648,0,Low
8043,0.016362108,0,Low
8927,0.016360864,0,Low
8787,0.016356837,0,Low
8091,0.016338786,0,Low
8458,0.016311334,0,Low
8998,0.0163014,0,Low
8572,0.016298892,0,Low
8344,0.016280347,0,Low
8126,0.016270949,0,Low
9181,0.016238445,0,Low
9424,0.01623491,0,Low
8138,0.016203359,0,Low
8351,0.016136535,0,Low
9976,0.016120093,0,Low
8255,0.016110726,0,Low
9382,0.016104408,0,Low
8500,0.016083976,0,Low
8168,0.01608156,0,Low
8606,0.016080262,0,Low
9590,0.016076982,0,Low
8648,0.016065069,0,Low
9651,0.016063245,0,Low
9484,0.016062189,0,Low
9238,0.016051123,0,Low
9867,0.016016081,0,Low
9767,0.015984347,0,Low
9588,0.015979841,0,Low
9575,0.015972478,0,Low
9635,0.015939245,0,Low
8096,0.015881741,0,Low
8929,0.015872674,0,Low
9912,0.015867945,0,Low
8025,0.015834872,0,Low
8833,0.015810873,0,Low
9257,0.015782146,0,Low
8850,0.015761243,0,Low
9332,0.015756177,0,Low
8542,0.015695691,0,Low
9351,0.01568675,0,Low
9799,0.015646249,0,Low
9318,0.015636485,0,Low
9650,0.015631303,0,Low
8686,0.015629021,0,Low
8233,0.015551456,0,Low
8151,0.015530586,0,Low
9103,0.01540967,0,Low
9717,0.015396682,0,Low
9365,0.015374159,0,Low
8299,0.01537309,0,Low
8803,0.0153693035,0,Low
9731,0.01530356,0,Low
8950,0.015298479,0,Low
8664,0.015264274,0,Low
8369,0.015215319,0,Low
9495,0.015199623,0,Low
8974,0.015192544,0,Low
8281,0.015142379,0,Low
9374,0.0151205845,0,Low
9822,0.015016526,0,Low
9696,0.01500113,0,Low
8208,0.014960151,0,Low
8978,0.014955331,0,Low
9744,0.014924398,0,Low
8149,0.014876488,0,Low
9339,0.014846399,0,Low
9817,0.014839447,0,Low
9159,0.01482288,0,Low
9596,0.014808383,0,Low
9638,0.014798326,0,Low
9683,0.014712168,0,Low
9517,0.014710799,0,Low
9470,0.014706363,0,Low
9256,0.014696513,0,Low
9017,0.014688817,0,Low
8093,0.014670828,0,Low
8870,0.014617299,0,Low
9068,0.014552488,0,Low
8524,0.014550853,0,Low
8314,0.01442181,0,Low
9226,0.01439816,0,Low
8322,0.014355,0,Low
8536,0.01430803,0,Low
8634,0.01429206,0,Low
9564,0.014268864,0,Low
9602,0.014252547,0,Low
9622,0.014224278,0,Low
8276,0.014220781,0,Low
9794,0.014218108,0,Low
8999,0.01420408,0,Low
8565,0.01418349,0,Low
8794,0.01417791,0,Low
9199,0.014155102,0,Low
8422,0.014114217,0,Low
9491,0.01410495,0,Low
9441,0.014080258,0,Low
8930,0.014015522,0,Low
8436,0.014015179,0,Low
9116,0.014013927,0,Low
8595,0.013916545,0,Low
9049,0.013908296,0,Low
9364,0.013847321,0,Low
9706,0.013841866,0,Low
9064,0.013787523,0,Low
8296,0.013783006,0,Low
9580,0.013692221,0,Low
8841,0.013689781,0,Low
8809,0.013649001,0,Low
9899,0.013611652,0,Low
8463,0.013529393,0,Low
8105,0.013523786,0,Low
8387,0.013447391,0,Low
8616,0.013384724,0,Low
9740,0.013376584,0,Low
8654,0.013362715,0,Low
9901,0.013311387,0,Low
8918,0.013281465,0,Low
9188,0.01326906,0,Low
8066,0.01326906,0,Low
8586,0.013183093,0,Low
8172,0.013173698,0,Low
8961,0.013157324,0,Low
9274,0.013149111,0,Low
8517,0.013146154,0,Low
9863,0.013135857,0,Low
9435,0.013108915,0,Low
9545,0.013070889,0,Low
9621,0.013047989,0,Low
9409,0.0129285455,0,Low
8425,0.012860346,0,Low
8582,0.012808348,0,Low
8760,0.01278548,0,Low
9053,0.012775818,0,Low
9688,0.0127701,0,Low
8608,0.012769054,0,Low
9110,0.012650939,0,Low
8523,0.01265088,0,Low
9490,0.01263855,0,Low
9525,0.012574158,0,Low
8045,0.012573056,0,Low
9510,0.012566007,0,Low
9937,0.012564345,0,Low
9536,0.012563073,0,Low
8360,0.012553961,0,Low
8128,0.01254573,0,Low
9224,0.01248603,0,Low
8278,0.0124654155,0,Low
9735,0.012423089,0,Low
9078,0.01241724,0,Low
8308,0.012402163,0,Low
8667,0.012375069,0,Low
9214,0.012360199,0,Low
9630,0.012338175,0,Low
8984,0.012274773,0,Low
9998,0.012157531,0,Low
9786,0.012131737,0,Low
8901,0.012106196,0,Low
9847,0.012071964,0,Low
9781,0.011976537,0,Low
10000,0.01192766,0,Low
9926,0.011914837,0,Low
8274,0.011911755,0,Low
9529,0.01191093,0,Low
9291,0.0118012205,0,Low
9209,0.011782462,0,Low
9855,0.011750867,0,Low
8328,0.011695341,0,Low
9321,0.011665259,0,Low
8922,0.011630697,0,Low
8725,0.011619843,0,Low
9372,0.011583448,0,Low
9703,0.011569012,0,Low
8699,0.011540001,0,Low
8137,0.011518878,0,Low
9176,0.01151308,0,Low
8280,0.011489434,0,Low
8431,0.011488097,0,Low
8864,0.011487295,0,Low
9971,0.01145102,0,Low
9474,0.011450636,0,Low
8345,0.011441479,0,Low
8023,0.011441437,0,Low
9936,0.01143859,0,Low
8942,0.01139713,0,Low
8665,0.011353517,0,Low
8663,0.011350209,0,Low
9806,0.011308294,0,Low
8418,0.011304029,0,Low
9944,0.011268926,0,Low
9599,0.011249221,0,Low
9833,0.011241565,0,Low
9693,0.01122962,0,Low
9606,0.011201409,0,Low
8897,0.011102008,0,Low
9728,0.01103639,0,Low
8684,0.010998436,0,Low
9300,0.010985347,0,Low
9945,0.010944325,0,Low
9548,0.010937519,0,Low
8837,0.010931794,0,Low
9281,0.010913955,0,Low
9130,0.0109116025,0,Low
8526,0.010828113,0,Low
9457,0.010779436,0,Low
8830,0.0107617155,0,Low
9713,0.010724499,0,Low
8553,0.010676679,0,Low
9142,0.010620421,0,Low
8964,0.010568105,0,Low
9305,0.010548503,0,Low
8847,0.010499098,0,Low
9938,0.010478426,0,Low
9595,0.010347066,0,Low
9754,0.010345529,0,Low
9917,0.010313779,0,Low
9164,0.010273886,0,Low
9698,0.010261544,0,Low
9965,0.010259553,0,Low
9494,0.0102353385,0,Low
8843,0.010234435,0,Low
8584,0.010200963,0,Low
9276,0.010153763,0,Low
9872,0.01009285,0,Low
9109,0.010092606,0,Low
9838,0.010074206,0,Low
8509,0.010067056,0,Low
8496,0.010041418,0,Low
9842,0.010016147,0,Low
9260,0.01000166,0,Low
8330,0.009987818,0,Low
9128,0.009986177,0,Low
8911,0.009973627,0,Low
9390,0.009973225,0,Low
8683,0.009907213,0,Low
9579,0.0098908935,0,Low
8658,0.009890585,0,Low
8052,0.009879441,0,Low
9282,0.009873472,0,Low
9761,0.0098673105,0,Low
8948,0.009835947,0,Low
8001,0.009826896,0,Low
8890,0.009819679,0,Low
8130,0.009751168,0,Low
9605,0.009733415,0,Low
8724,0.009719931,0,Low
9492,0.009691204,0,Low
9111,0.009686738,0,Low
9195,0.009682627,0,Low
9501,0.0096446,0,Low
8319,0.009638822,0,Low
9632,0.009638003,0,Low
8958,0.009479161,0,Low
9029,0.009478785,0,Low
8617,0.009353835,0,Low
9233,0.009345771,0,Low
8378,0.0092788255,0,Low
9485,0.00925407,0,Low
8819,0.009228582,0,Low
9647,0.009203764,0,Low
9112,0.009193824,0,Low
8832,0.009184304,0,Low
9284,0.009161624,0,Low
8358,0.009126021,0,Low
8041,0.009096111,0,Low
9617,0.009082746,0,Low
9330,0.009076332,0,Low
8997,0.009056676,0,Low
8977,0.008988898,0,Low
8427,0.00894054,0,Low
8924,0.008920274,0,Low
8780,0.008903908,0,Low
8115,0.008761006,0,Low
8400,0.008732414,0,Low
8399,0.008728226,0,Low
9928,0.00869142,0,Low
9012,0.008675465,0,Low
9812,0.008673476,0,Low
9032,0.008664092,0,Low
8194,0.008649643,0,Low
8356,0.008633564,0,Low
9568,0.008629558,0,Low
9600,0.008601203,0,Low
8489,0.008582795,0,Low
8771,0.008565171,0,Low
8502,0.00854288,0,Low
8512,0.008502523,0,Low
8823,0.0084980745,0,Low
9533,0.008494977,0,Low
8629,0.008470076,0,Low
9776,0.00843632,0,Low
8568,0.008432603,0,Low
8047,0.008400206,0,Low
8851,0.008361648,0,Low
9294,0.00835547,0,Low
9239,0.0083535975,0,Low
9985,0.008315732,0,Low
8401,0.008256064,0,Low
9368,0.00825227,0,Low
8135,0.008240765,0,Low
8394,0.00820251,0,Low
9905,0.00819343,0,Low
9035,0.008190117,0,Low
9253,0.008166331,0,Low
8945,0.008145239,0,Low
9989,0.008126715,0,Low
8313,0.008083435,0,Low
8250,0.008071492,0,Low
9889,0.008064726,0,Low
8039,0.008056136,0,Low
9019,0.008022096,0,Low
9725,0.008021804,0,Low
8896,0.008018056,0,Low
9578,0.008000723,0,Low
8621,0.007996504,0,Low
9315,0.007983979,0,Low
8708,0.007860573,0,Low
9194,0.0078074955,0,Low
8350,0.007733309,0,Low
8386,0.007730924,0,Low
9994,0.0077128606,0,Low
9797,0.0076974793,0,Low
9837,0.0076939324,0,Low
9013,0.0076877237,0,Low
9919,0.0076764594,0,Low
8928,0.0076111406,0,Low
8655,0.00760979,0,Low
8893,0.007540158,0,Low
9593,0.007536862,0,Low
9242,0.0075107478,0,Low
8675,0.0075074714,0,Low
9552,0.007479809,0,Low
8531,0.00746972,0,Low
8643,0.0074598137,0,Low
9783,0.0074269245,0,Low
9127,0.007399259,0,Low
8607,0.0073913345,0,Low
9414,0.0073399213,0,Low
9748,0.0073020314,0,Low
9206,0.00724816,0,Low
8758,0.007225844,0,Low
9780,0.0072250986,0,Low
9320,0.007217287,0,Low
8745,0.0071462016,0,Low
8651,0.0071276557,0,Low
8333,0.0070740497,0,Low
9648,0.0070698047,0,Low
9669,0.0069702184,0,Low
8692,0.0069282963,0,Low
9677,0.00678753,0,Low
8310,0.006778201,0,Low
9052,0.006756094,0,Low
8329,0.0067525874,0,Low
8349,0.0067497864,0,Low
9393,0.006731375,0,Low
9326,0.0067098546,0,Low
8323,0.0066814297,0,Low
8353,0.0066662277,0,Low
8305,0.006573933,0,Low
9489,0.00655154,0,Low
8814,0.006504051,0,Low
8865,0.0064756763,0,Low
9675,0.0063634017,0,Low
9876,0.00626763,0,Low
8813,0.0062463777,0,Low
8535,0.0062402748,0,Low
8054,0.006185696,0,Low
9402,0.006176878,0,Low
9262,0.006152053,0,Low
8261,0.006140964,0,Low
8062,0.006104707,0,Low
9118,0.006100323,0,Low
9857,0.0060962015,0,Low
8747,0.0060855756,0,Low
9125,0.0060771136,0,Low
9129,0.0059529087,0,Low
9000,0.005901516,0,Low
9420,0.0058041085,0,Low
8831,0.005796464,0,Low
8470,0.005783278,0,Low
9853,0.005774284,0,Low
8364,0.0057649813,0,Low
8227,0.0057609756,0,Low
9686,0.005741072,0,Low
8104,0.0057309503,0,Low
8468,0.0057288585,0,Low
9185,0.005677739,0,Low
8247,0.0056529003,0,Low
9360,0.005642759,0,Low
8993,0.0055964757,0,Low
9303,0.0055672657,0,Low
9723,0.00549004,0,Low
8040,0.0054892846,0,Low
8776,0.0054843156,0,Low
9379,0.005438014,0,Low
9625,0.0053923875,0,Low
8694,0.005353989,0,Low
8438,0.005275921,0,Low
8245,0.0052556247,0,Low
8086,0.0051755668,0,Low
8073,0.005167121,0,Low
8018,0.005154134,0,Low
8952,0.005124981,0,Low
8232,0.0051002586,0,Low
9967,0.005068383,0,Low
8264,0.0050445814,0,Low
8004,0.0050310986,0,Low
9481,0.0050208094,0,Low
8005,0.0050206548,0,Low
9569,0.0050170994,0,Low
8772,0.004999492,0,Low
9162,0.0049965964,0,Low
8779,0.004994212,0,Low
9656,0.004930241,0,Low
9442,0.004830925,0,Low
9309,0.0048010917,0,Low
9816,0.00477326,0,Low
9344,0.0047675036,0,Low
8479,0.004742266,0,Low
8184,0.0047008526,0,Low
9963,0.0047008484,0,Low
9904,0.0046764393,0,Low
8840,0.004654624,0,Low
9760,0.004538559,0,Low
8196,0.0044980575,0,Low
8170,0.0044615846,0,Low
9220,0.0044295387,0,Low
8061,0.004381105,0,Low
8783,0.0043745646,0,Low
9537,0.004366603,0,Low
9057,0.004360229,0,Low
9589,0.004341879,0,Low
8919,0.0043333326,0,Low
8334,0.0042631347,0,Low
9094,0.004258645,0,Low
8103,0.0042040204,0,Low
9369,0.0041828654,0,Low
8242,0.0041279146,0,Low
8734,0.004126652,0,Low
9322,0.004096284,0,Low
9636,0.004094923,0,Low
9018,0.004083741,0,Low
9741,0.0040753656,0,Low
9267,0.0039815023,0,Low
8846,0.00396269,0,Low
8092,0.0039370265,0,Low
8480,0.003929531,0,Low
8160,0.0038334706,0,Low
9835,0.003806553,0,Low
8516,0.0037871734,0,Low
8750,0.003749759,0,Low
8359,0.0037229096,0,Low
8347,0.0037151957,0,Low
9381,0.003702886,0,Low
8476,0.003699025,0,Low
8007,0.003669072,0,Low
8761,0.0036303387,0,Low
9614,0.0035872771,0,Low
9540,0.0035832347,0,Low
9577,0.0035471031,0,Low
9563,0.0035006362,0,Low
8439,0.0034876543,0,Low
8202,0.0034876543,0,Low
9910,0.0034226582,0,Low
9841,0.0034220193,0,Low
9203,0.0034160402,0,Low
8266,0.0034089307,0,Low
8270,0.0033304302,0,Low
8309,0.0033239266,0,Low
9958,0.003316042,0,Low
9875,0.0032037713,0,Low
9969,0.0032014654,0,Low
8175,0.003196633,0,Low
9056,0.0031924846,0,Low
9518,0.0031873628,0,Low
8546,0.0030707945,0,Low
9350,0.003070339,0,Low
8337,0.0029946377,0,Low
9283,0.002992426,0,Low
9961,0.0029551843,0,Low
9268,0.0029385665,0,Low
8474,0.00284639,0,Low
8756,0.0028214091,0,Low
9183,0.0027983086,0,Low
8298,0.0027615093,0,Low
8374,0.0027123503,0,Low
8346,0.0027094097,0,Low
8953,0.0026718862,0,Low
9288,0.0026618491,0,Low
8576,0.0026235885,0,Low
8591,0.0025876777,0,Low
8454,0.0025598905,0,Low
8186,0.00252523,0,Low
9270,0.0023440744,0,Low
9444,0.0021995134,0,Low
9296,0.0021577473,0,Low
9182,0.0020751364,0,Low
9515,0.002001797,0,Low
8088,0.0019418343,0,Low
8793,0.0018277655,0,Low
9373,0.0017614672,0,Low
8024,0.0017242793,0,Low
9325,0.001696916,0,Low
8644,0.0016921624,0,Low
9898,0.001533682,0,Low
8456,0.0014064119,0,Low
8585,0.0011056298,0,Low
9862,0.0010899978,0,Low
